"","All_Rich","Hexp"
"QUAC_wK",0.714231156743941,0.95207618201896
"QUAC_woK",0.514844245645459,0.947974646799839
"ZAIN_og",0.41175300068018,0.869603200016955
"ZAIN_rebinned",0.375360195035019,0.869603200016955
"ZAIN_red_sample",0.717905416597002,0.921537244186786
"ZAIN_og_wo_smallpops",0.41175300068018,0.869603200016955
"ZAIN_rebinned_wo_smallpops",0.375360195035019,0.869603200016955
"ZAIN_sample_wo_smallpops",0.717905416597002,0.921537244186786
