"","QUAC_wK","QUAC_wk_ESTSSR","QUAC_wk_gSSR","QUAC_woK","QUAC_woK_ESTSSR","QUAC_woK_gSSR","ZAIN_og","ZAIN_rebinned"
"allrich_garden",10.5763341527961,9.82609468645095,12.2694845033164,10.47661288313,9.75676859567743,12.1202341412421,7.05135942950386,7.05135942950386
"allrich_wild",9.22591357543819,8.49528083705565,10.7588296599374,8.82272150507834,8.09384817922976,10.3681260464417,8.18181818181818,8
"allrich_pvalue",0.350687536047983,0.449691797968892,0.464702099940466,0.237156133012967,0.325751354478715,0.250592050685684,0.130315187660705,0.130315187660705
"hexp_garden",0.614262413259131,0.586348684475088,0.670089870827217,0.614262413259131,0.586348684475088,0.670089870827217,0.577696650319774,0.577696650319774
"hexp_wild",0.597076192118436,0.547397050039742,0.696434476275824,0.592102104299139,0.540340120346202,0.695626072205012,0.59088453966047,0.590649339554367
"hexp_pvalue",0.917411260192024,0.70545698611127,0.75402253006208,0.884574095633583,0.65014744409486,0.75402253006208,0.869603200016955,0.869603200016955
