"QUAC_wK","QUAC_woK","ZAIN_og","ZAIN_rebinned"
10.5763341527961,10.47661288313,7.05135942950386,7.05135942950386
9.22591357543819,8.82272150507834,8.18181818181818,8
12.2694845033164,12.1202341412421,NA,NA
10.7588296599374,10.3681260464417,NA,NA
9.82609468645095,9.75676859567743,NA,NA
8.49528083705565,8.09384817922976,NA,NA
