"All_Rich","Hexp"
0.714231156743941,0.95207618201896
0.514844245645459,0.947974646799839
0.130315187660705,0.869603200016955
0.130315187660705,0.869603200016955
