"","N","Na","All_Rich","HExp"
"Prop_Ind",77,143,9.43883046045401,0.623796783104678
"Random_Ind",77,136,8.98748010517746,0.615130966087882
