"","X0C11","X1G13","G07","X1F02","FIR031","GOT009","POR016","FIR013","FIR043","GOTO40","PIE039","FIR53","FIR048","PIE125","QpZAG9"
"Observed frequency",0.0129,0.0375,0.00432,0.0869,0.0768,0.0472,0.0214,0.0151,0.0952,0.0151,0.0166,0.0547,0.0285,-0.00923,0.0269
"Median frequency",0.0109,0.0344,0.00356,0.0848,0.0757,0.046,0.021,0.0147,0.093,0.0137,0.0146,0.0523,0.0272,-0.0122,0.0248
"2.5th percentile",-0.0129,0.00469,-0.01,0.0385,0.0394,0.00988,-0.000921,-0.0145,0.0537,-0.0106,-0.0135,0.0106,0.000989,-0.0451,-0.00465
"97.5th percentile",0.0406,0.0707,0.0272,0.139,0.117,0.0858,0.0549,0.0501,0.141,0.0479,0.0513,0.102,0.0551,0.027,0.0606
