"","X0C11","X1G13","G07","X1F02","FIR031","GOT009","POR016","FIR013","FIR043","GOTO40","PIE039","FIR53","FIR048","PIE125","QpZAG9"
"Observed frequency",-0.00181,0.0374,0.00149,0.132,0.0939,0.0525,0.0299,0.0531,0.0984,0.0494,-0.00203,0.041,0.0301,-0.0117,0.0706
"Median frequency",-0.00264,0.0363,0.000894,0.131,0.093,0.0512,0.0293,0.0522,0.0972,0.049,-0.00273,0.0406,0.0291,-0.0124,0.0706
"2.5th percentile",-0.0181,0.0176,-0.00386,0.102,0.0682,0.0287,0.0086,0.0262,0.072,0.0255,-0.0193,0.0128,0.0122,-0.0314,0.048
"97.5th percentile",0.0141,0.0588,0.0106,0.165,0.12,0.0751,0.0515,0.0791,0.126,0.0769,0.0158,0.0699,0.048,0.0102,0.0947
