"","X0C11","X1G13","G07","X1F02","FIR031","GOT009","POR016","FIR013","FIR043","GOTO40","PIE039","FIR53","FIR048","PIE125","QpZAG9"
"Observed frequency",0.0172,0.0408,0.00416,0.0846,0.082,0.049,0.0233,0.0163,0.0933,0.0156,0.0175,0.0453,0.03,-0.0124,0.031
"Median frequency",0.0149,0.0379,0.003,0.0826,0.0796,0.0466,0.0229,0.0144,0.0919,0.014,0.0176,0.0458,0.0294,-0.0142,0.0282
"2.5th percentile",-0.0107,0.0053,-0.0109,0.0319,0.0437,0.00978,-0.00029,-0.018,0.0507,-0.0116,-0.0107,0.000186,-0.000338,-0.0466,-0.00426
"97.5th percentile",0.0458,0.0737,0.029,0.132,0.126,0.0912,0.058,0.048,0.142,0.0499,0.0577,0.095,0.0599,0.0209,0.0656
