"","X0C11","X1G13","G07","X1F02","FIR031","GOT009","POR016","FIR013","FIR043","GOTO40","PIE039","FIR53","FIR048","PIE125","QpZAG9"
"Observed frequency",-0.000514,0.0384,0.00147,0.132,0.0961,0.0531,0.031,0.0544,0.0975,0.0503,-0.00158,0.0392,0.0308,-0.0125,0.0728
"Median frequency",-0.00131,0.0371,0.00126,0.131,0.095,0.0526,0.0304,0.0537,0.0964,0.0494,-0.00238,0.0391,0.0309,-0.0133,0.0723
"2.5th percentile",-0.0176,0.0161,-0.00395,0.0994,0.0705,0.0283,0.0108,0.0271,0.0714,0.0249,-0.0185,0.0107,0.0139,-0.0329,0.0493
"97.5th percentile",0.0158,0.0603,0.0114,0.162,0.122,0.0765,0.0536,0.0832,0.126,0.0777,0.0177,0.069,0.0502,0.00943,0.0976
