"","X0C11","X1G13","G07","X1F02","FIR031","GOT009","POR016","FIR013","FIR043","GOTO40","PIE039","FIR53","FIR048","PIE125","QpZAG9"
"Observed frequency",-0.00181,0.0374,0.00149,0.132,0.0939,0.0525,0.0299,0.0531,0.0984,0.0494,-0.00203,0.041,0.0301,-0.0117,0.0706
"Median frequency",-0.00192,0.0363,0.00117,0.132,0.0939,0.0515,0.0295,0.052,0.0971,0.0495,-0.00292,0.0398,0.0291,-0.0118,0.0704
"2.5th percentile",-0.018,0.0168,-0.00389,0.102,0.0674,0.0288,0.00904,0.0271,0.0714,0.0241,-0.0183,0.0122,0.0123,-0.0323,0.0465
"97.5th percentile",0.015,0.0594,0.0106,0.164,0.119,0.074,0.0507,0.0815,0.124,0.0759,0.0172,0.0731,0.0482,0.00831,0.0929
